{"count": 61, "danceability": 33.08200000000001, "energy": 35.526, "key": 327, "loudness": -627.9900000000002, "mode_1": 56, "speechiness": 3.1225000000000014, "acousticness": 21.182519, "instrumentalness": 1.3123821999999996, "liveness": 13.1567, "valence": 37.749, "tempo": 6985.1669999999995, "mode_0": 5}