{"count": 79, "danceability": 48.832999999999984, "energy": 43.8785, "key": 403, "loudness": -848.6410000000002, "mode_1": 64, "speechiness": 3.3777, "acousticness": 24.207722399999998, "instrumentalness": 3.8969970300000005, "liveness": 13.346099999999995, "valence": 52.14189999999999, "tempo": 9682.514999999998, "mode_0": 15}