{"count": 87, "danceability": 57.098, "energy": 57.392999999999994, "key": 426, "loudness": -801.824, "mode_1": 63, "speechiness": 4.600700000000001, "acousticness": 14.737307, "instrumentalness": 1.2877114999999997, "liveness": 14.079900000000004, "valence": 52.0488, "tempo": 10160.453999999998, "mode_0": 24}