{"count": 90, "danceability": 60.76499999999999, "energy": 63.419000000000004, "key": 469, "loudness": -570.7909999999999, "mode_1": 50, "speechiness": 5.428599999999999, "acousticness": 12.629596500000002, "instrumentalness": 0.95526201, "liveness": 13.320100000000002, "valence": 54.580299999999994, "tempo": 10758.071999999996, "mode_0": 40}