{"count": 80, "danceability": 50.53999999999998, "energy": 55.938000000000024, "key": 412, "loudness": -483.924, "mode_0": 25, "speechiness": 5.774399999999997, "acousticness": 8.785931399999997, "instrumentalness": 5.23366523, "liveness": 14.5212, "valence": 43.49299999999999, "tempo": 9707.898000000007, "mode_1": 55}