{"count": 73, "danceability": 51.096999999999994, "energy": 43.521, "key": 366, "loudness": -479.973, "mode_1": 49, "speechiness": 8.568299999999999, "acousticness": 19.406519099999997, "instrumentalness": 5.04182113, "liveness": 12.045799999999995, "valence": 35.783699999999996, "tempo": 8709.116, "mode_0": 24}